{
  "model": "Hybrid",
  "alpha_cf": 1.0,
  "alpha_content": 0.0,
  "K": 10,
  "n_evaluated": 5000,
  "negatives": 100,
  "normalized_scores": true,
  "HitRate@10": 0.388,
  "Precision@10": 0.388,
  "MRR@10": 0.20021666666666665,
  "NDCG@10": 0.24452922203832153
}